[
{
    "fields": {
        "username": "admin",
        "first_name": "",
        "last_name": "",
        "is_active": true,
        "is_superuser": true,
        "is_staff": true,
        "last_login": "2017-07-31T09:41:11.257Z",
        "groups": [],
        "user_permissions": [],
        "password": "pbkdf2_sha256$15000$xOJj1CFhSgeM$2XRws9JD598/8mVsnIqI2BWEluec9TXxueqE3FluXeM=",
        "email": "admin@mail.com",
        "date_joined": "2017-07-31T09:38:30.433Z"
    },
    "model": "auth.user",
    "pk": 1
},
{
    "fields": {
        "username": "user",
        "first_name": "",
        "last_name": "",
        "is_active": true,
        "is_superuser": true,
        "is_staff": true,
        "last_login": "2017-07-31T09:40:57.733Z",
        "groups": [],
        "user_permissions": [],
        "password": "pbkdf2_sha256$15000$rcg4AbWLE4vC$5B4Q33PQyeZ/dusaL9LqRJRSpeoqq0EmFODmJt44g20=",
        "email": "user@mail.com",
        "date_joined": "2017-07-31T09:40:46.411Z"
    },
    "model": "auth.user",
    "pk": 2
},
{
    "fields": {
        "expire_date": "2017-08-14T09:41:11.496Z",
        "session_data": "NDYyY2Y1MjEzZTUwMmU2MWFjZjE5ZjRmMjRjMjE3MjA5NDBlMTRkODp7Il9hdXRoX3VzZXJfaGFzaCI6Ijk3NWUzZTdlOTM5YWY4Y2FjZTcxZDBhMzllODNlOGUzNDIyMGZlYjciLCJfYXV0aF91c2VyX2JhY2tlbmQiOiJkamFuZ28uY29udHJpYi5hdXRoLmJhY2tlbmRzLk1vZGVsQmFja2VuZCIsIl9hdXRoX3VzZXJfaWQiOjF9"
    },
    "model": "sessions.session",
    "pk": "5jju9srvcgc9ysmxie12kesnwdqptnsf"
},
{
    "fields": {
        "first_name": "\u0412\u0456\u043a\u0442\u043e\u0440\u0456\u044f ",
        "last_name": "\u0422\u0430\u0431\u0430\u0441",
        "middle_name": "",
        "photo": "./vika1.jpg",
        "notes": "",
        "student_group": 1,
        "birthday": "1999-06-16",
        "ticket": "19990616"
    },
    "model": "students.student",
    "pk": 1
},
{
    "fields": {
        "first_name": "\u0422\u0430\u043c\u0430\u0440\u0430",
        "last_name": "\u0404\u0440\u0435\u0441\u044c\u043a\u043e",
        "middle_name": "",
        "photo": "./tamara.jpg",
        "notes": "",
        "student_group": 1,
        "birthday": "1999-03-08",
        "ticket": "19990308"
    },
    "model": "students.student",
    "pk": 2
},
{
    "fields": {
        "first_name": "\u041e\u043b\u0435\u043a\u0441\u0430\u043d\u0434\u0440",
        "last_name": "\u041a\u0440\u0456\u0442",
        "middle_name": "",
        "photo": "./sasha.jpg",
        "notes": "",
        "student_group": 1,
        "birthday": "1998-10-06",
        "ticket": "19981006"
    },
    "model": "students.student",
    "pk": 3
},
{
    "fields": {
        "first_name": "\u0412\u0456\u043a\u0442\u043e\u0440\u0456\u044f",
        "last_name": "\u0421\u0430\u0432\u0438\u0446\u044c\u043a\u0430",
        "middle_name": "",
        "photo": "./vika2.jpg",
        "notes": "",
        "student_group": 1,
        "birthday": "1999-07-16",
        "ticket": "19990716"
    },
    "model": "students.student",
    "pk": 4
},
{
    "fields": {
        "first_name": "\u0422\u0438\u043c\u0443\u0440 ",
        "last_name": "\u0420\u0443\u0434\u0435\u043d\u043a\u043e",
        "middle_name": "",
        "photo": "./timur.jpg",
        "notes": "",
        "student_group": 1,
        "birthday": "1999-06-16",
        "ticket": "19990616"
    },
    "model": "students.student",
    "pk": 5
},
{
    "fields": {
        "first_name": "\u0414\u043c\u0438\u0442\u0440\u043e",
        "last_name": "\u0427\u0435\u0432\u0442\u0430\u0435\u0432",
        "middle_name": "",
        "photo": "./dima1.jpg",
        "notes": "",
        "student_group": 1,
        "birthday": "1999-04-07",
        "ticket": "19990407"
    },
    "model": "students.student",
    "pk": 6
},
{
    "fields": {
        "first_name": "\u042e\u043b\u0456\u044f ",
        "last_name": "\u041a\u0430\u0440\u043f\u0443\u043a",
        "middle_name": "",
        "photo": "./julia.jpg",
        "notes": "",
        "student_group": 1,
        "birthday": "1997-07-11",
        "ticket": "19970711"
    },
    "model": "students.student",
    "pk": 7
},
{
    "fields": {
        "first_name": "\u0414\u043c\u0438\u0442\u0440\u043e",
        "last_name": "\u0427\u0443\u0432\u0430\u0440\u0434\u0438\u043d\u0441\u044c\u043a\u0438\u0439",
        "middle_name": "",
        "photo": "./dima2.jpg",
        "notes": "",
        "student_group": 1,
        "birthday": "1998-12-06",
        "ticket": "19981206"
    },
    "model": "students.student",
    "pk": 8
},
{
    "fields": {
        "first_name": "\u0410\u0440\u0442\u0435\u043c ",
        "last_name": "\u0421\u0430\u0445\u043d\u043e",
        "middle_name": "",
        "photo": "./artem.jpg",
        "notes": "",
        "student_group": 1,
        "birthday": "1998-03-12",
        "ticket": "19980312"
    },
    "model": "students.student",
    "pk": 9
},
{
    "fields": {
        "first_name": "\u0412\u0456\u043a\u0442\u043e\u0440\u0456\u044f",
        "last_name": "\u041c\u0443\u0440\u0430\u0432\u0438\u0446\u044c\u043a\u0430",
        "middle_name": "",
        "photo": "./vika3.jpg",
        "notes": "",
        "student_group": 2,
        "birthday": "1999-08-05",
        "ticket": "19990805"
    },
    "model": "students.student",
    "pk": 10
},
{
    "fields": {
        "first_name": "\u042e\u043b\u0456\u044f",
        "last_name": "\u0417\u0435\u043b\u0435\u043d\u0430",
        "middle_name": "",
        "photo": "./julia2.jpg",
        "notes": "",
        "student_group": 2,
        "birthday": "1999-07-26",
        "ticket": "19990726"
    },
    "model": "students.student",
    "pk": 11
},
{
    "fields": {
        "first_name": "\u0412\u043b\u0430\u0434\u0430 ",
        "last_name": "\u0414\u0443\u0434\u0435\u043d\u043a\u043e",
        "middle_name": "",
        "photo": "./vlada.jpg",
        "notes": "",
        "student_group": 2,
        "birthday": "1998-09-30",
        "ticket": "19980930"
    },
    "model": "students.student",
    "pk": 12
},
{
    "fields": {
        "first_name": "\u0406\u0432\u0430\u043d",
        "last_name": "\u041f\u0430\u0448\u043d\u0435\u0432",
        "middle_name": "",
        "photo": "",
        "notes": "",
        "student_group": 2,
        "birthday": "1999-06-06",
        "ticket": "19990606"
    },
    "model": "students.student",
    "pk": 13
},
{
    "fields": {
        "first_name": "\u0420\u043e\u0441\u0442\u0438\u0441\u043b\u0430\u0432",
        "last_name": "\u0422\u0456\u0448\u043a\u043e",
        "middle_name": "",
        "photo": "",
        "notes": "",
        "student_group": 2,
        "birthday": "1999-01-01",
        "ticket": "19990101"
    },
    "model": "students.student",
    "pk": 14
},
{
    "fields": {
        "first_name": "\u041e\u043b\u0435\u043a\u0441\u0430\u043d\u0434\u0440",
        "last_name": "\u041f\u0440\u0430\u0432\u0434\u0438\u0432\u0438\u0439",
        "middle_name": "",
        "photo": "",
        "notes": "",
        "student_group": 2,
        "birthday": "1999-01-02",
        "ticket": "19990102"
    },
    "model": "students.student",
    "pk": 15
},
{
    "fields": {
        "first_name": "\u0412'\u044f\u0447\u0435\u0441\u043b\u0430\u0432",
        "last_name": "\u041f\u0440\u043e\u0445\u043e\u0440\u043e\u0432\u0438\u0447",
        "middle_name": "",
        "photo": "",
        "notes": "",
        "student_group": 2,
        "birthday": "1999-01-03",
        "ticket": "19990103"
    },
    "model": "students.student",
    "pk": 16
},
{
    "fields": {
        "first_name": "\u0412\u0456\u043a\u0442\u043e\u0440",
        "last_name": "\u041d\u043e\u0432\u0438\u0446\u044c\u043a\u0438\u0439",
        "middle_name": "",
        "photo": "./viktor.jpg",
        "notes": "",
        "student_group": 2,
        "birthday": "1998-10-28",
        "ticket": "19981028"
    },
    "model": "students.student",
    "pk": 17
},
{
    "fields": {
        "first_name": "\u0411\u043e\u0433\u0434\u0430\u043d ",
        "last_name": "\u0414\u0435\u0439\u043d\u0435\u043a\u0430",
        "middle_name": "",
        "photo": "",
        "notes": "",
        "student_group": 2,
        "birthday": "1999-01-04",
        "ticket": "19990104"
    },
    "model": "students.student",
    "pk": 18
},
{
    "fields": {
        "notes": "",
        "leader": 7,
        "title": "M-5"
    },
    "model": "students.group",
    "pk": 1
},
{
    "fields": {
        "notes": "",
        "leader": null,
        "title": "M-4"
    },
    "model": "students.group",
    "pk": 2
},
{
    "fields": {
        "date": "2017-08-01",
        "present_day21": true,
        "present_day20": false,
        "present_day23": false,
        "present_day22": false,
        "present_day25": false,
        "present_day24": false,
        "present_day27": true,
        "present_day26": false,
        "present_day29": false,
        "present_day28": false,
        "present_day8": false,
        "present_day9": false,
        "present_day2": false,
        "present_day3": false,
        "present_day1": false,
        "present_day6": false,
        "present_day7": false,
        "present_day4": true,
        "present_day5": false,
        "present_day18": false,
        "present_day19": false,
        "student": 2,
        "present_day10": false,
        "present_day11": false,
        "present_day12": true,
        "present_day13": false,
        "present_day14": false,
        "present_day15": false,
        "present_day16": false,
        "present_day17": false,
        "present_day30": false,
        "present_day31": false
    },
    "model": "students.monthjournal",
    "pk": 1
},
{
    "fields": {
        "date": "2017-08-01",
        "present_day21": false,
        "present_day20": false,
        "present_day23": false,
        "present_day22": false,
        "present_day25": false,
        "present_day24": false,
        "present_day27": false,
        "present_day26": false,
        "present_day29": false,
        "present_day28": false,
        "present_day8": false,
        "present_day9": false,
        "present_day2": false,
        "present_day3": false,
        "present_day1": false,
        "present_day6": true,
        "present_day7": true,
        "present_day4": false,
        "present_day5": false,
        "present_day18": false,
        "present_day19": false,
        "student": 18,
        "present_day10": false,
        "present_day11": false,
        "present_day12": false,
        "present_day13": false,
        "present_day14": false,
        "present_day15": false,
        "present_day16": false,
        "present_day17": false,
        "present_day30": false,
        "present_day31": false
    },
    "model": "students.monthjournal",
    "pk": 2
},
{
    "fields": {
        "date": "2017-08-01",
        "present_day21": false,
        "present_day20": false,
        "present_day23": false,
        "present_day22": false,
        "present_day25": false,
        "present_day24": false,
        "present_day27": false,
        "present_day26": false,
        "present_day29": false,
        "present_day28": false,
        "present_day8": true,
        "present_day9": true,
        "present_day2": false,
        "present_day3": false,
        "present_day1": false,
        "present_day6": true,
        "present_day7": true,
        "present_day4": true,
        "present_day5": true,
        "present_day18": false,
        "present_day19": false,
        "student": 12,
        "present_day10": true,
        "present_day11": false,
        "present_day12": false,
        "present_day13": false,
        "present_day14": false,
        "present_day15": false,
        "present_day16": false,
        "present_day17": false,
        "present_day30": false,
        "present_day31": false
    },
    "model": "students.monthjournal",
    "pk": 3
},
{
    "fields": {
        "date": "2017-08-01",
        "present_day21": false,
        "present_day20": false,
        "present_day23": false,
        "present_day22": false,
        "present_day25": false,
        "present_day24": false,
        "present_day27": false,
        "present_day26": false,
        "present_day29": false,
        "present_day28": false,
        "present_day8": true,
        "present_day9": true,
        "present_day2": false,
        "present_day3": false,
        "present_day1": false,
        "present_day6": true,
        "present_day7": true,
        "present_day4": true,
        "present_day5": true,
        "present_day18": false,
        "present_day19": false,
        "student": 11,
        "present_day10": false,
        "present_day11": false,
        "present_day12": false,
        "present_day13": false,
        "present_day14": false,
        "present_day15": false,
        "present_day16": false,
        "present_day17": false,
        "present_day30": false,
        "present_day31": false
    },
    "model": "students.monthjournal",
    "pk": 4
},
{
    "fields": {
        "date": "2017-08-01",
        "present_day21": false,
        "present_day20": false,
        "present_day23": false,
        "present_day22": false,
        "present_day25": false,
        "present_day24": false,
        "present_day27": false,
        "present_day26": true,
        "present_day29": false,
        "present_day28": false,
        "present_day8": false,
        "present_day9": false,
        "present_day2": false,
        "present_day3": false,
        "present_day1": false,
        "present_day6": false,
        "present_day7": false,
        "present_day4": false,
        "present_day5": false,
        "present_day18": false,
        "present_day19": false,
        "student": 7,
        "present_day10": false,
        "present_day11": false,
        "present_day12": false,
        "present_day13": false,
        "present_day14": false,
        "present_day15": false,
        "present_day16": false,
        "present_day17": false,
        "present_day30": false,
        "present_day31": false
    },
    "model": "students.monthjournal",
    "pk": 5
},
{
    "fields": {
        "datetime": "2017-10-10T09:00:00Z",
        "lecture": "\u0427\u0430\u0439\u043a\u043e\u0432\u0441\u044c\u043a\u0438\u0439 \u0410.\u0412.",
        "notes": "",
        "group_name": 1,
        "title": "\u041c\u0430\u0442\u0435\u043c\u0430\u0442\u0438\u0447\u043d\u0438\u0439 \u0410\u043d\u0430\u043b\u0456\u0437"
    },
    "model": "students.exams",
    "pk": 1
},
{
    "fields": {
        "datetime": "2017-10-14T08:30:00Z",
        "lecture": "\u0413\u043e\u0440\u0434\u0456\u0439 \u041c.\u0424",
        "notes": "",
        "group_name": 1,
        "title": "\u0410\u043d\u0430\u043b\u0456\u0442\u0438\u0447\u043d\u0430 \u0413\u0435\u043e\u043c\u0435\u0442\u0440\u0456\u044f"
    },
    "model": "students.exams",
    "pk": 2
},
{
    "fields": {
        "datetime": "2017-10-17T10:00:00Z",
        "lecture": "\u041e\u0431\u0432\u0456\u043d\u0446\u0435\u0432 \u041e.\u0412.",
        "notes": "",
        "group_name": 1,
        "title": "\u041f\u0440\u043e\u0433\u0440\u0430\u043c\u0443\u0432\u0430\u043d\u043d\u044f"
    },
    "model": "students.exams",
    "pk": 3
},
{
    "fields": {
        "datetime": "2017-10-21T09:00:00Z",
        "lecture": "\u041e\u043b\u0456\u0439\u043d\u0438\u043a \u041e.\u0412.",
        "notes": "",
        "group_name": 1,
        "title": "\u0414\u0438\u0441\u043a\u0440\u0435\u0442\u043d\u0430 \u041c\u0430\u0442\u0435\u043c\u0430\u0442\u0438\u043a\u0430"
    },
    "model": "students.exams",
    "pk": 4
},
{
    "fields": {
        "datetime": "2017-10-25T09:00:00Z",
        "lecture": "\u0411\u043e\u043d\u0434\u0430\u0440\u0435\u043d\u043a\u043e \u0404.\u0412.",
        "notes": "",
        "group_name": 1,
        "title": "\u041b\u0456\u043d\u0456\u0439\u043d\u0430 \u0410\u043b\u0433\u0435\u0431\u0440\u0430"
    },
    "model": "students.exams",
    "pk": 5
},
{
    "fields": {
        "datetime": "2017-10-14T08:30:00Z",
        "lecture": "\u0427\u0430\u0439\u043a\u043e\u0432\u0441\u044c\u043a\u0438\u0439 \u0410.\u0412.",
        "notes": "",
        "group_name": 2,
        "title": "\u041c\u0430\u0442\u0435\u043c\u0430\u0442\u0438\u0447\u043d\u0438\u0439 \u0410\u043d\u0430\u043b\u0456\u0437"
    },
    "model": "students.exams",
    "pk": 6
},
{
    "fields": {
        "datetime": "2017-10-10T09:00:00Z",
        "lecture": "\u0413\u043e\u0440\u0434\u0456\u0439 \u041c.\u0424",
        "notes": "",
        "group_name": 2,
        "title": "\u0410\u043d\u0430\u043b\u0456\u0442\u0438\u0447\u043d\u0430 \u0413\u0435\u043e\u043c\u0435\u0442\u0440\u0456\u044f"
    },
    "model": "students.exams",
    "pk": 7
},
{
    "fields": {
        "datetime": "2017-10-21T09:00:00Z",
        "lecture": "\u041e\u0431\u0432\u0456\u043d\u0446\u0435\u0432 \u041e.\u0412.",
        "notes": "",
        "group_name": 2,
        "title": "\u041f\u0440\u043e\u0433\u0440\u0430\u043c\u0443\u0432\u0430\u043d\u043d\u044f"
    },
    "model": "students.exams",
    "pk": 8
},
{
    "fields": {
        "datetime": "2017-10-17T10:00:00Z",
        "lecture": "\u0411\u043e\u043d\u0434\u0430\u0440\u0435\u043d\u043a\u043e \u0404.\u0412.",
        "notes": "dghfjff",
        "group_name": 2,
        "title": "\u041b\u0456\u043d\u0456\u0439\u043d\u0430 \u0410\u043b\u0433\u0435\u0431\u0440\u0430"
    },
    "model": "students.exams",
    "pk": 9
},
{
    "fields": {
        "exams_name": 1,
        "student": 7,
        "mark": 9
    },
    "model": "students.result",
    "pk": 1
},
{
    "fields": {
        "exams_name": 1,
        "student": 5,
        "mark": 11
    },
    "model": "students.result",
    "pk": 2
},
{
    "fields": {
        "exams_name": 1,
        "student": 2,
        "mark": 39
    },
    "model": "students.result",
    "pk": 7
},
{
    "fields": {
        "exams_name": 1,
        "student": 4,
        "mark": 14
    },
    "model": "students.result",
    "pk": 9
},
{
    "fields": {
        "exams_name": 1,
        "student": 1,
        "mark": 36
    },
    "model": "students.result",
    "pk": 11
},
{
    "fields": {
        "exams_name": 3,
        "student": 2,
        "mark": 27
    },
    "model": "students.result",
    "pk": 12
},
{
    "fields": {
        "exams_name": 3,
        "student": 7,
        "mark": 7
    },
    "model": "students.result",
    "pk": 13
},
{
    "fields": {
        "exams_name": 3,
        "student": 3,
        "mark": 40
    },
    "model": "students.result",
    "pk": 14
},
{
    "fields": {
        "exams_name": 3,
        "student": 5,
        "mark": 21
    },
    "model": "students.result",
    "pk": 15
},
{
    "fields": {
        "exams_name": 3,
        "student": 4,
        "mark": 22
    },
    "model": "students.result",
    "pk": 16
},
{
    "fields": {
        "exams_name": 3,
        "student": 9,
        "mark": 24
    },
    "model": "students.result",
    "pk": 17
},
{
    "fields": {
        "exams_name": 3,
        "student": 1,
        "mark": 36
    },
    "model": "students.result",
    "pk": 18
},
{
    "fields": {
        "exams_name": 3,
        "student": 6,
        "mark": 34
    },
    "model": "students.result",
    "pk": 19
},
{
    "fields": {
        "exams_name": 3,
        "student": 8,
        "mark": 37
    },
    "model": "students.result",
    "pk": 20
},
{
    "fields": {
        "exams_name": 1,
        "student": 8,
        "mark": 20
    },
    "model": "students.result",
    "pk": 24
},
{
    "fields": {
        "exams_name": 1,
        "student": 9,
        "mark": 23
    },
    "model": "students.result",
    "pk": 25
},
{
    "fields": {
        "exams_name": 1,
        "student": 3,
        "mark": 12
    },
    "model": "students.result",
    "pk": 26
},
{
    "fields": {
        "exams_name": 4,
        "student": 2,
        "mark": 23
    },
    "model": "students.result",
    "pk": 27
},
{
    "fields": {
        "exams_name": 4,
        "student": 7,
        "mark": 17
    },
    "model": "students.result",
    "pk": 28
},
{
    "fields": {
        "exams_name": 4,
        "student": 3,
        "mark": 7
    },
    "model": "students.result",
    "pk": 29
},
{
    "fields": {
        "exams_name": 4,
        "student": 5,
        "mark": 3
    },
    "model": "students.result",
    "pk": 30
},
{
    "fields": {
        "exams_name": 4,
        "student": 4,
        "mark": 11
    },
    "model": "students.result",
    "pk": 31
},
{
    "fields": {
        "exams_name": 4,
        "student": 9,
        "mark": 1
    },
    "model": "students.result",
    "pk": 32
},
{
    "fields": {
        "exams_name": 4,
        "student": 1,
        "mark": 33
    },
    "model": "students.result",
    "pk": 33
},
{
    "fields": {
        "exams_name": 4,
        "student": 6,
        "mark": 21
    },
    "model": "students.result",
    "pk": 34
},
{
    "fields": {
        "exams_name": 4,
        "student": 8,
        "mark": 25
    },
    "model": "students.result",
    "pk": 35
},
{
    "fields": {
        "exams_name": 2,
        "student": 2,
        "mark": 25
    },
    "model": "students.result",
    "pk": 36
},
{
    "fields": {
        "exams_name": 2,
        "student": 7,
        "mark": 19
    },
    "model": "students.result",
    "pk": 37
},
{
    "fields": {
        "exams_name": 2,
        "student": 3,
        "mark": 8
    },
    "model": "students.result",
    "pk": 38
},
{
    "fields": {
        "exams_name": 2,
        "student": 5,
        "mark": 9
    },
    "model": "students.result",
    "pk": 39
},
{
    "fields": {
        "exams_name": 2,
        "student": 4,
        "mark": 19
    },
    "model": "students.result",
    "pk": 40
},
{
    "fields": {
        "exams_name": 2,
        "student": 9,
        "mark": 25
    },
    "model": "students.result",
    "pk": 41
},
{
    "fields": {
        "exam": 1,
        "view": true
    },
    "model": "students.resultsregister",
    "pk": 7
},
{
    "fields": {
        "exam": 2,
        "view": true
    },
    "model": "students.resultsregister",
    "pk": 8
},
{
    "fields": {
        "exam": 3,
        "view": true
    },
    "model": "students.resultsregister",
    "pk": 9
},
{
    "fields": {
        "exam": 4,
        "view": true
    },
    "model": "students.resultsregister",
    "pk": 11
},
{
    "fields": {
        "action_flag": 1,
        "action_time": "2017-08-01T14:37:34.781Z",
        "object_repr": "\u042e\u043b\u0456\u044f  \u041a\u0430\u0440\u043f\u0443\u043a (\u041c\u0430\u0442\u0435\u043c\u0430\u0442\u0438\u0447\u043d\u0438\u0439 \u0410\u043d\u0430\u043b\u0456\u0437 (M-5 (\u042e\u043b\u0456\u044f  \u041a\u0430\u0440\u043f\u0443\u043a))) - 25",
        "object_id": "1",
        "change_message": "",
        "user": [
            "admin"
        ],
        "content_type": [
            "students",
            "result"
        ]
    },
    "model": "admin.logentry",
    "pk": 1
},
{
    "fields": {
        "action_flag": 1,
        "action_time": "2017-08-01T14:37:58.934Z",
        "object_repr": "\u0422\u0438\u043c\u0443\u0440  \u0420\u0443\u0434\u0435\u043d\u043a\u043e (\u041c\u0430\u0442\u0435\u043c\u0430\u0442\u0438\u0447\u043d\u0438\u0439 \u0410\u043d\u0430\u043b\u0456\u0437 (M-5 (\u042e\u043b\u0456\u044f  \u041a\u0430\u0440\u043f\u0443\u043a))) - 20",
        "object_id": "2",
        "change_message": "",
        "user": [
            "admin"
        ],
        "content_type": [
            "students",
            "result"
        ]
    },
    "model": "admin.logentry",
    "pk": 2
},
{
    "fields": {
        "action_flag": 1,
        "action_time": "2017-08-02T09:24:23.540Z",
        "object_repr": "True \u041c\u0430\u0442\u0435\u043c\u0430\u0442\u0438\u0447\u043d\u0438\u0439 \u0410\u043d\u0430\u043b\u0456\u0437 (M-5 (\u042e\u043b\u0456\u044f  \u041a\u0430\u0440\u043f\u0443\u043a))",
        "object_id": "1",
        "change_message": "",
        "user": [
            "admin"
        ],
        "content_type": [
            "students",
            "resultsregister"
        ]
    },
    "model": "admin.logentry",
    "pk": 3
},
{
    "fields": {
        "action_flag": 3,
        "action_time": "2017-08-02T09:24:48.452Z",
        "object_repr": "True \u041c\u0430\u0442\u0435\u043c\u0430\u0442\u0438\u0447\u043d\u0438\u0439 \u0410\u043d\u0430\u043b\u0456\u0437 (M-5 (\u042e\u043b\u0456\u044f  \u041a\u0430\u0440\u043f\u0443\u043a))",
        "object_id": "1",
        "change_message": "",
        "user": [
            "admin"
        ],
        "content_type": [
            "students",
            "resultsregister"
        ]
    },
    "model": "admin.logentry",
    "pk": 4
},
{
    "fields": {
        "action_flag": 1,
        "action_time": "2017-08-02T09:26:50.005Z",
        "object_repr": "True \u041c\u0430\u0442\u0435\u043c\u0430\u0442\u0438\u0447\u043d\u0438\u0439 \u0410\u043d\u0430\u043b\u0456\u0437 (M-5 (\u042e\u043b\u0456\u044f  \u041a\u0430\u0440\u043f\u0443\u043a))",
        "object_id": "2",
        "change_message": "",
        "user": [
            "admin"
        ],
        "content_type": [
            "students",
            "resultsregister"
        ]
    },
    "model": "admin.logentry",
    "pk": 5
},
{
    "fields": {
        "action_flag": 3,
        "action_time": "2017-08-02T09:47:12.796Z",
        "object_repr": "True \u041c\u0430\u0442\u0435\u043c\u0430\u0442\u0438\u0447\u043d\u0438\u0439 \u0410\u043d\u0430\u043b\u0456\u0437 (M-5 (\u042e\u043b\u0456\u044f  \u041a\u0430\u0440\u043f\u0443\u043a))",
        "object_id": "2",
        "change_message": "",
        "user": [
            "admin"
        ],
        "content_type": [
            "students",
            "resultsregister"
        ]
    },
    "model": "admin.logentry",
    "pk": 6
},
{
    "fields": {
        "action_flag": 3,
        "action_time": "2017-08-02T09:57:56.678Z",
        "object_repr": "True \u041c\u0430\u0442\u0435\u043c\u0430\u0442\u0438\u0447\u043d\u0438\u0439 \u0410\u043d\u0430\u043b\u0456\u0437 (M-5 (\u042e\u043b\u0456\u044f  \u041a\u0430\u0440\u043f\u0443\u043a))",
        "object_id": "4",
        "change_message": "",
        "user": [
            "admin"
        ],
        "content_type": [
            "students",
            "resultsregister"
        ]
    },
    "model": "admin.logentry",
    "pk": 7
},
{
    "fields": {
        "action_flag": 3,
        "action_time": "2017-08-02T09:57:56.758Z",
        "object_repr": "True \u041c\u0430\u0442\u0435\u043c\u0430\u0442\u0438\u0447\u043d\u0438\u0439 \u0410\u043d\u0430\u043b\u0456\u0437 (M-5 (\u042e\u043b\u0456\u044f  \u041a\u0430\u0440\u043f\u0443\u043a))",
        "object_id": "3",
        "change_message": "",
        "user": [
            "admin"
        ],
        "content_type": [
            "students",
            "resultsregister"
        ]
    },
    "model": "admin.logentry",
    "pk": 8
},
{
    "fields": {
        "action_flag": 3,
        "action_time": "2017-08-02T09:58:38.614Z",
        "object_repr": "True \u041c\u0430\u0442\u0435\u043c\u0430\u0442\u0438\u0447\u043d\u0438\u0439 \u0410\u043d\u0430\u043b\u0456\u0437 (M-5 (\u042e\u043b\u0456\u044f  \u041a\u0430\u0440\u043f\u0443\u043a))",
        "object_id": "5",
        "change_message": "",
        "user": [
            "admin"
        ],
        "content_type": [
            "students",
            "resultsregister"
        ]
    },
    "model": "admin.logentry",
    "pk": 9
},
{
    "fields": {
        "action_flag": 1,
        "action_time": "2017-08-02T10:17:19.988Z",
        "object_repr": "True \u041c\u0430\u0442\u0435\u043c\u0430\u0442\u0438\u0447\u043d\u0438\u0439 \u0410\u043d\u0430\u043b\u0456\u0437 (M-5 (\u042e\u043b\u0456\u044f  \u041a\u0430\u0440\u043f\u0443\u043a))",
        "object_id": "7",
        "change_message": "",
        "user": [
            "admin"
        ],
        "content_type": [
            "students",
            "resultsregister"
        ]
    },
    "model": "admin.logentry",
    "pk": 10
},
{
    "fields": {
        "action_flag": 3,
        "action_time": "2017-08-02T10:24:34.219Z",
        "object_repr": "True \u041c\u0430\u0442\u0435\u043c\u0430\u0442\u0438\u0447\u043d\u0438\u0439 \u0410\u043d\u0430\u043b\u0456\u0437 (M-5 (\u042e\u043b\u0456\u044f  \u041a\u0430\u0440\u043f\u0443\u043a))",
        "object_id": "6",
        "change_message": "",
        "user": [
            "admin"
        ],
        "content_type": [
            "students",
            "resultsregister"
        ]
    },
    "model": "admin.logentry",
    "pk": 11
},
{
    "fields": {
        "action_flag": 3,
        "action_time": "2017-08-02T13:51:07.281Z",
        "object_repr": "\u041e\u043b\u0435\u043a\u0441\u0430\u043d\u0434\u0440 \u041a\u0440\u0456\u0442 (\u041c\u0430\u0442\u0435\u043c\u0430\u0442\u0438\u0447\u043d\u0438\u0439 \u0410\u043d\u0430\u043b\u0456\u0437 (M-5 (\u042e\u043b\u0456\u044f  \u041a\u0430\u0440\u043f\u0443\u043a))) - 123",
        "object_id": "4",
        "change_message": "",
        "user": [
            "admin"
        ],
        "content_type": [
            "students",
            "result"
        ]
    },
    "model": "admin.logentry",
    "pk": 12
},
{
    "fields": {
        "action_flag": 3,
        "action_time": "2017-08-02T13:51:07.449Z",
        "object_repr": "\u0422\u0430\u043c\u0430\u0440\u0430 \u0404\u0440\u0435\u0441\u044c\u043a\u043e (\u041c\u0430\u0442\u0435\u043c\u0430\u0442\u0438\u0447\u043d\u0438\u0439 \u0410\u043d\u0430\u043b\u0456\u0437 (M-5 (\u042e\u043b\u0456\u044f  \u041a\u0430\u0440\u043f\u0443\u043a))) - 0",
        "object_id": "3",
        "change_message": "",
        "user": [
            "admin"
        ],
        "content_type": [
            "students",
            "result"
        ]
    },
    "model": "admin.logentry",
    "pk": 13
},
{
    "fields": {
        "action_flag": 3,
        "action_time": "2017-08-02T14:02:05.672Z",
        "object_repr": "\u0422\u0430\u043c\u0430\u0440\u0430 \u0404\u0440\u0435\u0441\u044c\u043a\u043e (\u041c\u0430\u0442\u0435\u043c\u0430\u0442\u0438\u0447\u043d\u0438\u0439 \u0410\u043d\u0430\u043b\u0456\u0437 (M-5 (\u042e\u043b\u0456\u044f  \u041a\u0430\u0440\u043f\u0443\u043a))) - 13",
        "object_id": "5",
        "change_message": "",
        "user": [
            "admin"
        ],
        "content_type": [
            "students",
            "result"
        ]
    },
    "model": "admin.logentry",
    "pk": 14
},
{
    "fields": {
        "action_flag": 3,
        "action_time": "2017-08-02T14:04:53.685Z",
        "object_repr": "\u042e\u043b\u0456\u044f  \u041a\u0430\u0440\u043f\u0443\u043a (\u041c\u0430\u0442\u0435\u043c\u0430\u0442\u0438\u0447\u043d\u0438\u0439 \u0410\u043d\u0430\u043b\u0456\u0437 (M-5 (\u042e\u043b\u0456\u044f  \u041a\u0430\u0440\u043f\u0443\u043a))) - 26",
        "object_id": "6",
        "change_message": "",
        "user": [
            "admin"
        ],
        "content_type": [
            "students",
            "result"
        ]
    },
    "model": "admin.logentry",
    "pk": 15
},
{
    "fields": {
        "action_flag": 3,
        "action_time": "2017-08-02T14:38:20.178Z",
        "object_repr": "\u0414\u043c\u0438\u0442\u0440\u043e \u0427\u0443\u0432\u0430\u0440\u0434\u0438\u043d\u0441\u044c\u043a\u0438\u0439 (\u041c\u0430\u0442\u0435\u043c\u0430\u0442\u0438\u0447\u043d\u0438\u0439 \u0410\u043d\u0430\u043b\u0456\u0437 (M-5 (\u042e\u043b\u0456\u044f  \u041a\u0430\u0440\u043f\u0443\u043a))) - 40",
        "object_id": "22",
        "change_message": "",
        "user": [
            "admin"
        ],
        "content_type": [
            "students",
            "result"
        ]
    },
    "model": "admin.logentry",
    "pk": 16
},
{
    "fields": {
        "action_flag": 3,
        "action_time": "2017-08-02T14:38:20.327Z",
        "object_repr": "\u0414\u043c\u0438\u0442\u0440\u043e \u0427\u0435\u0432\u0442\u0430\u0435\u0432 (\u041c\u0430\u0442\u0435\u043c\u0430\u0442\u0438\u0447\u043d\u0438\u0439 \u0410\u043d\u0430\u043b\u0456\u0437 (M-5 (\u042e\u043b\u0456\u044f  \u041a\u0430\u0440\u043f\u0443\u043a))) - 40",
        "object_id": "21",
        "change_message": "",
        "user": [
            "admin"
        ],
        "content_type": [
            "students",
            "result"
        ]
    },
    "model": "admin.logentry",
    "pk": 17
}
]
